Model,Volume,Mean_Dex,Efficiency,Density
Roboken,3666.350399876243,0.12441529253601231,0.006220764626800616,3.393437041375312e-05
Shadow,7437.684015081241,0.11138563014138743,0.0055692815070693714,1.4975848653362128e-05
Schunk,795.5961617130724,0.09091998924808312,0.005682499328005195,0.00011427906973848993
Ability,1050.8127724902254,0.06994260350580328,0.011657100584300547,6.656048093139626e-05
Inspire,576.5015320993675,0.07849549465126528,0.013082582441877546,0.00013615834526131936
